{
  "benchmark_time": 6601,
  "total_rounds": 1,
  "total_tx": 10,
  "tps": 6.261740763932373,
  "average_submission_time": 90,
  "average_execution_time": 1066,
  "average_e2e_time": 1157,
  "min_submission_time": {
    "tx_hash": "21aab3e4dd08862f2b21d6ca563221267dc48de6aae854fbf40b793291bf362e",
    "time": 74
  },
  "min_execution_time": {
    "tx_hash": "21aab3e4dd08862f2b21d6ca563221267dc48de6aae854fbf40b793291bf362e",
    "time": 934
  },
  "min_e2e_time": {
    "tx_hash": "21aab3e4dd08862f2b21d6ca563221267dc48de6aae854fbf40b793291bf362e",
    "time": 1008
  },
  "max_submission_time": {
    "tx_hash": "d05a9901f3cd5305877ae5d0341c1a9cdead7951dd177eb76d3235bb0cf3ecf4",
    "time": 177
  },
  "max_execution_time": {
    "tx_hash": "32e891cf5595bb3614785d809d5157294bfd277d2bba969c48562b9132b4d547",
    "time": 1522
  },
  "max_e2e_time": {
    "tx_hash": "32e891cf5595bb3614785d809d5157294bfd277d2bba969c48562b9132b4d547",
    "time": 1596
  },
  "rounds_level_metrics": {
    "Round_0": {
      "total_tx": 10,
      "tps": 6.261740763932373,
      "average_submission_time": 90,
      "average_execution_time": 1066,
      "average_e2e_time": 1157,
      "min_submission_time": {
        "tx_hash": "21aab3e4dd08862f2b21d6ca563221267dc48de6aae854fbf40b793291bf362e",
        "time": 74
      },
      "min_execution_time": {
        "tx_hash": "21aab3e4dd08862f2b21d6ca563221267dc48de6aae854fbf40b793291bf362e",
        "time": 934
      },
      "min_e2e_time": {
        "tx_hash": "21aab3e4dd08862f2b21d6ca563221267dc48de6aae854fbf40b793291bf362e",
        "time": 1008
      },
      "max_submission_time": {
        "tx_hash": "d05a9901f3cd5305877ae5d0341c1a9cdead7951dd177eb76d3235bb0cf3ecf4",
        "time": 177
      },
      "max_execution_time": {
        "tx_hash": "32e891cf5595bb3614785d809d5157294bfd277d2bba969c48562b9132b4d547",
        "time": 1522
      },
      "max_e2e_time": {
        "tx_hash": "32e891cf5595bb3614785d809d5157294bfd277d2bba969c48562b9132b4d547",
        "time": 1596
      },
      "class_groups_metrics": [
        {
          "range_start": 1008,
          "range_end": 1066,
          "frequency": 2,
          "tx_in_range": [
            "21aab3e4dd08862f2b21d6ca563221267dc48de6aae854fbf40b793291bf362e",
            "2ae44f85ecb4d68858f5decca2718b2430afaa660d1620ecf431795072c18306"
          ],
          "percentage": 20.0
        },
        {
          "range_start": 1066,
          "range_end": 1124,
          "frequency": 2,
          "tx_in_range": [
            "4961a2983eea5619d3d9e88b017ffba1d045f7c7b4f5ae181e387ec53f26bce2",
            "07dd98ae8bff6cb9325123cc375fd482257d30572288a783b5f226fcaa5bdc01"
          ],
          "percentage": 20.0
        },
        {
          "range_start": 1124,
          "range_end": 1182,
          "frequency": 4,
          "tx_in_range": [
            "f81d9b9d95ff43a87ecbf9b64c72c999f20feb294c34319f716f569764868118",
            "d9b065cc8e632f1aa597b1d200ce0a4271ab9bd03023a36fa55d5a4d576a7380",
            "2628c17fb58859cbe4532929f575daa0b31451a0838a6149bac631b6ec37faec",
            "11923dd5a39a3848c45ab828b131e6d3a4ac64239dccc32f1cecd6539e2c7553"
          ],
          "percentage": 40.0
        },
        {
          "range_start": 1182,
          "range_end": 1240,
          "frequency": 0,
          "tx_in_range": [],
          "percentage": 0.0
        },
        {
          "range_start": 1240,
          "range_end": 1298,
          "frequency": 1,
          "tx_in_range": [
            "d05a9901f3cd5305877ae5d0341c1a9cdead7951dd177eb76d3235bb0cf3ecf4"
          ],
          "percentage": 10.0
        },
        {
          "range_start": 1298,
          "range_end": 1356,
          "frequency": 0,
          "tx_in_range": [],
          "percentage": 0.0
        },
        {
          "range_start": 1356,
          "range_end": 1414,
          "frequency": 0,
          "tx_in_range": [],
          "percentage": 0.0
        },
        {
          "range_start": 1414,
          "range_end": 1472,
          "frequency": 0,
          "tx_in_range": [],
          "percentage": 0.0
        },
        {
          "range_start": 1472,
          "range_end": 1530,
          "frequency": 0,
          "tx_in_range": [],
          "percentage": 0.0
        },
        {
          "range_start": 1530,
          "range_end": 1596,
          "frequency": 1,
          "tx_in_range": [
            "32e891cf5595bb3614785d809d5157294bfd277d2bba969c48562b9132b4d547"
          ],
          "percentage": 10.0
        }
      ]
    }
  },
  "raw_metrics": [
    {
      "operation_time": 1597,
      "tx_metrics": [
        {
          "tx_hash": "21aab3e4dd08862f2b21d6ca563221267dc48de6aae854fbf40b793291bf362e",
          "submission_time": 74,
          "execution_time": 934,
          "e2e_time": 1008
        },
        {
          "tx_hash": "f81d9b9d95ff43a87ecbf9b64c72c999f20feb294c34319f716f569764868118",
          "submission_time": 79,
          "execution_time": 1058,
          "e2e_time": 1137
        },
        {
          "tx_hash": "d9b065cc8e632f1aa597b1d200ce0a4271ab9bd03023a36fa55d5a4d576a7380",
          "submission_time": 74,
          "execution_time": 1063,
          "e2e_time": 1137
        },
        {
          "tx_hash": "2ae44f85ecb4d68858f5decca2718b2430afaa660d1620ecf431795072c18306",
          "submission_time": 74,
          "execution_time": 935,
          "e2e_time": 1009
        },
        {
          "tx_hash": "4961a2983eea5619d3d9e88b017ffba1d045f7c7b4f5ae181e387ec53f26bce2",
          "submission_time": 79,
          "execution_time": 998,
          "e2e_time": 1077
        },
        {
          "tx_hash": "2628c17fb58859cbe4532929f575daa0b31451a0838a6149bac631b6ec37faec",
          "submission_time": 79,
          "execution_time": 1063,
          "e2e_time": 1142
        },
        {
          "tx_hash": "32e891cf5595bb3614785d809d5157294bfd277d2bba969c48562b9132b4d547",
          "submission_time": 74,
          "execution_time": 1522,
          "e2e_time": 1596
        },
        {
          "tx_hash": "11923dd5a39a3848c45ab828b131e6d3a4ac64239dccc32f1cecd6539e2c7553",
          "submission_time": 79,
          "execution_time": 1062,
          "e2e_time": 1141
        },
        {
          "tx_hash": "d05a9901f3cd5305877ae5d0341c1a9cdead7951dd177eb76d3235bb0cf3ecf4",
          "submission_time": 177,
          "execution_time": 1075,
          "e2e_time": 1252
        },
        {
          "tx_hash": "07dd98ae8bff6cb9325123cc375fd482257d30572288a783b5f226fcaa5bdc01",
          "submission_time": 116,
          "execution_time": 955,
          "e2e_time": 1071
        }
      ]
    }
  ],
  "cli_parameters": {
    "total_rounds": 1,
    "burst_size": 10,
    "cool_down_duration": 5,
    "should_automation_tx_type_payload": true,
    "automation_tx_type_args": {
      "automation_task_max_gas_amount": 190,
      "automation_task_gas_price_cap": 100,
      "automation_fee_cap_for_epoch": 2500000,
      "automation_expiration_duration_secs": 3600
    },
    "benchmark_common_args": {
      "rpc_url": "https://move-stress-nw-1565.supra.com/",
      "tx_sender_account_store_file": "/home/codezeros/Documents/RemoteStressTest/0_STRESS_TEST/automation-network-benchmark-master/scripts/remote_files/asdf/account_stores.json",
      "tx_sender_start_index": 0,
      "tx_sender_end_index": 9,
      "static_payload_file_path": "../data/automation_limit_order_task_payload_fail.json",
      "coin_receiver_account_store_file": null,
      "coin_receiver_start_index": null,
      "coin_receiver_end_index": null,
      "max_polling_attempts": 5,
      "polling_wait_time_in_ms": 200,
      "tx_request_retry": 5,
      "wait_before_request_retry_in_ms": 100,
      "total_http_clients_instance": 1,
      "pool_idle_timeout": 120,
      "http_request_timeout": 60,
      "generate_metrics_file_path": "../data/temp.json",
      "total_class_groups": 10
    }
  }
}