{
  "benchmark_time": 6697,
  "total_rounds": 1,
  "total_tx": 20,
  "tps": 11.813349084465445,
  "average_submission_time": 102,
  "average_execution_time": 1426,
  "average_e2e_time": 1528,
  "min_submission_time": {
    "tx_hash": "4299fded49cc96459718e68ac4ef41b37c894202169e63ce1393cb15527c40f9",
    "time": 92
  },
  "min_execution_time": {
    "tx_hash": "38f18992a833316313be5b8f02459e5e8fe31c5e407da50c7a9bfd0701d122d4",
    "time": 958
  },
  "min_e2e_time": {
    "tx_hash": "2d5fde9395685a7c8c0679caed463eac09c4d80ce70ffa405c0b9c5ff99edae1",
    "time": 1100
  },
  "max_submission_time": {
    "tx_hash": "38f18992a833316313be5b8f02459e5e8fe31c5e407da50c7a9bfd0701d122d4",
    "time": 158
  },
  "max_execution_time": {
    "tx_hash": "8f291fac15cef2a53558ec6f4113768d4e281a4d689315178b3bc2106dcc9cb5",
    "time": 1600
  },
  "max_e2e_time": {
    "tx_hash": "8f291fac15cef2a53558ec6f4113768d4e281a4d689315178b3bc2106dcc9cb5",
    "time": 1692
  },
  "rounds_level_metrics": {
    "Round_0": {
      "total_tx": 20,
      "tps": 11.813349084465445,
      "average_submission_time": 102,
      "average_execution_time": 1426,
      "average_e2e_time": 1528,
      "min_submission_time": {
        "tx_hash": "4299fded49cc96459718e68ac4ef41b37c894202169e63ce1393cb15527c40f9",
        "time": 92
      },
      "min_execution_time": {
        "tx_hash": "38f18992a833316313be5b8f02459e5e8fe31c5e407da50c7a9bfd0701d122d4",
        "time": 958
      },
      "min_e2e_time": {
        "tx_hash": "2d5fde9395685a7c8c0679caed463eac09c4d80ce70ffa405c0b9c5ff99edae1",
        "time": 1100
      },
      "max_submission_time": {
        "tx_hash": "38f18992a833316313be5b8f02459e5e8fe31c5e407da50c7a9bfd0701d122d4",
        "time": 158
      },
      "max_execution_time": {
        "tx_hash": "8f291fac15cef2a53558ec6f4113768d4e281a4d689315178b3bc2106dcc9cb5",
        "time": 1600
      },
      "max_e2e_time": {
        "tx_hash": "8f291fac15cef2a53558ec6f4113768d4e281a4d689315178b3bc2106dcc9cb5",
        "time": 1692
      },
      "class_groups_metrics": [
        {
          "range_start": 1100,
          "range_end": 1159,
          "frequency": 2,
          "tx_in_range": [
            "2d5fde9395685a7c8c0679caed463eac09c4d80ce70ffa405c0b9c5ff99edae1",
            "38f18992a833316313be5b8f02459e5e8fe31c5e407da50c7a9bfd0701d122d4"
          ],
          "percentage": 10.0
        },
        {
          "range_start": 1159,
          "range_end": 1218,
          "frequency": 0,
          "tx_in_range": [],
          "percentage": 0.0
        },
        {
          "range_start": 1218,
          "range_end": 1277,
          "frequency": 0,
          "tx_in_range": [],
          "percentage": 0.0
        },
        {
          "range_start": 1277,
          "range_end": 1336,
          "frequency": 0,
          "tx_in_range": [],
          "percentage": 0.0
        },
        {
          "range_start": 1336,
          "range_end": 1395,
          "frequency": 0,
          "tx_in_range": [],
          "percentage": 0.0
        },
        {
          "range_start": 1395,
          "range_end": 1454,
          "frequency": 0,
          "tx_in_range": [],
          "percentage": 0.0
        },
        {
          "range_start": 1454,
          "range_end": 1513,
          "frequency": 0,
          "tx_in_range": [],
          "percentage": 0.0
        },
        {
          "range_start": 1513,
          "range_end": 1572,
          "frequency": 11,
          "tx_in_range": [
            "e7a288a7db70f843088468366932b3a9846d71e8603c1c73b5cd1307a28f9bcc",
            "7c3a1f47aa24ce5d91409ec21b9447cbd591bc0fcfda24b917a880e7fd51d981",
            "222ccce19efd9f6876d3e7b771f229fa26d8ca00433c667022adfd7a00882477",
            "cf3c268706e7e9ad1426e28dd3758d8cacc7970ab6d3d1cede3a75a76e0297fb",
            "35e689edbe8c1bc4b6cd1d646b0b608a35d037aaea683a4fdf039492e0d13ba0",
            "75b9fd906510d94520b8f29c37b653a28b54f9fa2d26e8130719578a78d50757",
            "4299fded49cc96459718e68ac4ef41b37c894202169e63ce1393cb15527c40f9",
            "494957f71957228090e5edd0e3254cf5195e4eb4bbb1982e94703b3dabaca8f9",
            "aafc35539ba4a3c43c405107b7acff34bec3af03cff39675f7f430d805d8bdf3",
            "a6fbdc1f9c9f31840590a94a2e19677d2d557c704678bc41bff1953e8325fc45",
            "1213fcdf21fdba50aac399da9df5a23f7b795ec5a28f1146bd59b3e5a3636831"
          ],
          "percentage": 55.0
        },
        {
          "range_start": 1572,
          "range_end": 1631,
          "frequency": 6,
          "tx_in_range": [
            "9693c878e835256bb088317e1b3a17682930c930c2fe457c0b7f7dfadd2b56de",
            "62d93eb09495ab1388b16d11c68d475fb84c91f79c3903a47dc571ee23a45c45",
            "5f9143f650bb3d40239e5b2ab67fca2dfb39dba57445b528e6246dc259ec3ddf",
            "760e0103ff15255cd12c14d10adb26be32a7ca44217d962d93f06bd2a9b4dfff",
            "51135243c6c95ecc41a989e8f78b9caeed1055c93faac187e4e8a77a972fbe59",
            "d8200a2e7e78d5ad04b6cc0d8abe217d82577bde7d6407f16a0ab26ca9c81f87"
          ],
          "percentage": 30.0
        },
        {
          "range_start": 1631,
          "range_end": 1692,
          "frequency": 1,
          "tx_in_range": [
            "8f291fac15cef2a53558ec6f4113768d4e281a4d689315178b3bc2106dcc9cb5"
          ],
          "percentage": 5.0
        }
      ]
    }
  },
  "raw_metrics": [
    {
      "operation_time": 1693,
      "tx_metrics": [
        {
          "tx_hash": "e7a288a7db70f843088468366932b3a9846d71e8603c1c73b5cd1307a28f9bcc",
          "submission_time": 93,
          "execution_time": 1451,
          "e2e_time": 1544
        },
        {
          "tx_hash": "7c3a1f47aa24ce5d91409ec21b9447cbd591bc0fcfda24b917a880e7fd51d981",
          "submission_time": 93,
          "execution_time": 1451,
          "e2e_time": 1544
        },
        {
          "tx_hash": "222ccce19efd9f6876d3e7b771f229fa26d8ca00433c667022adfd7a00882477",
          "submission_time": 98,
          "execution_time": 1451,
          "e2e_time": 1549
        },
        {
          "tx_hash": "9693c878e835256bb088317e1b3a17682930c930c2fe457c0b7f7dfadd2b56de",
          "submission_time": 93,
          "execution_time": 1495,
          "e2e_time": 1588
        },
        {
          "tx_hash": "cf3c268706e7e9ad1426e28dd3758d8cacc7970ab6d3d1cede3a75a76e0297fb",
          "submission_time": 98,
          "execution_time": 1452,
          "e2e_time": 1550
        },
        {
          "tx_hash": "35e689edbe8c1bc4b6cd1d646b0b608a35d037aaea683a4fdf039492e0d13ba0",
          "submission_time": 98,
          "execution_time": 1446,
          "e2e_time": 1544
        },
        {
          "tx_hash": "62d93eb09495ab1388b16d11c68d475fb84c91f79c3903a47dc571ee23a45c45",
          "submission_time": 129,
          "execution_time": 1494,
          "e2e_time": 1623
        },
        {
          "tx_hash": "75b9fd906510d94520b8f29c37b653a28b54f9fa2d26e8130719578a78d50757",
          "submission_time": 98,
          "execution_time": 1450,
          "e2e_time": 1548
        },
        {
          "tx_hash": "4299fded49cc96459718e68ac4ef41b37c894202169e63ce1393cb15527c40f9",
          "submission_time": 92,
          "execution_time": 1457,
          "e2e_time": 1549
        },
        {
          "tx_hash": "5f9143f650bb3d40239e5b2ab67fca2dfb39dba57445b528e6246dc259ec3ddf",
          "submission_time": 92,
          "execution_time": 1495,
          "e2e_time": 1587
        },
        {
          "tx_hash": "760e0103ff15255cd12c14d10adb26be32a7ca44217d962d93f06bd2a9b4dfff",
          "submission_time": 98,
          "execution_time": 1520,
          "e2e_time": 1618
        },
        {
          "tx_hash": "494957f71957228090e5edd0e3254cf5195e4eb4bbb1982e94703b3dabaca8f9",
          "submission_time": 98,
          "execution_time": 1452,
          "e2e_time": 1550
        },
        {
          "tx_hash": "51135243c6c95ecc41a989e8f78b9caeed1055c93faac187e4e8a77a972fbe59",